StudentId,StudentName,Email
33,Lily Turner,lily.turner@example.com
34,Sebastian Phillips,sebastian.phillips@example.com
35,Grace Campbell,grace.campbell@example.com
36,Jack Parker,jack.parker@example.com
37,Hannah Evans,hannah.evans@example.com
38,Owen Edwards,owen.edwards@example.com
39,Zoe Collins,zoe.collins@example.com
40,Samuel Stewart,samuel.stewart@example.com
41,Layla Morris,layla.morris@example.com
42,Jacob Rogers,jacob.rogers@example.com
43,Lila Reed,lila.reed@example.com
44,Levi Cook,levi.cook@example.com
45,Madison Rivera,madison.rivera@example.com
46,William Gray,william.gray@example.com
47,Aurora Cox,aurora.cox@example.com
48,David Price,david.price@example.com
49,Penelope Howard,penelope.howard@example.com
50,Mila Peterson,mila.peterson@example.com
51,Elias Bailey,elias.bailey@example.com
52,Nora Brooks,nora.brooks@example.com
53,Mateo Foster,mateo.foster@example.com
54,Lucy Sanders,lucy.sanders@example.com
55,Anthony Ross,anthony.ross@example.com
56,test test,test.test@example.com